clientid,income,age,loan,LTI,default
1,66155.9251,59.01701507,8106.532131,0.122536751,0
2,34415.15397,48.1171531,6564.745018,0.190751581,0
3,57317.17006,63.10804949,8020.953296,0.1399398,0
4,42709.5342,45.75197235,6103.64226,0.142910532,0
5,66952.68885,18.58433593,8770.099235,0.1309895,1
6,24904.06414,57.4716071,15.49859844,0.000622332,0
7,48430.35961,26.80913242,5722.581981,0.118161047,0
8,24500.14198,32.89754832,2971.00331,0.121264738,1
9,40654.89254,55.49685254,4755.82528,0.116980392,0
10,25075.87277,39.77637806,1409.230371,0.056198657,0
11,64131.41537,25.67957535,4351.028971,0.067845516,0
12,59436.84712,60.47193585,9254.244538,0.155698779,0
13,61050.34608,26.35504385,5893.264659,0.096531224,0
14,27267.99546,61.57677582,4759.787581,0.17455583,0
15,63061.96017,39.20155289,1850.369377,0.029342085,0
16,50501.72669,28.21836132,3977.287432,0.078755474,0
17,43548.65471,39.57453035,3935.544453,0.090371206,0
18,43378.17519,60.84831794,3277.737553,0.075561905,0
19,20542.36507,61.69057071,3157.44229,0.153703932,0
20,58887.35755,26.07609302,4965.516066,0.084322277,0
21,23000.784,31.76135417,1148.118057,0.049916475,0
22,32197.6207,52.42327992,4244.057136,0.131812756,0
23,23329.31941,48.57697453,222.6222987,0.009542597,0
24,27845.80089,51.9706241,4959.921226,0.178120976,0
25,65301.98403,48.84092177,5465.267886,0.083692218,0
26,47451.63012,27.03174131,5361.282716,0.112984163,0
27,63287.03891,36.49697551,9595.286289,0.151615346,0
28,45727.45987,55.83992185,6376.822949,0.139452814,0
29,59417.80541,30.8582675,2082.625938,0.035050536,0
30,58842.89131,54.51094756,10871.18679,0.184749365,0
31,48528.8528,43.78380863,6155.78467,0.126847933,0
32,23526.30256,52.67101229,2862.010139,0.121651506,0
33,67252.90061,38.13190746,4221.303157,0.0627676,0
34,58886.85129,38.66150424,7271.552032,0.123483458,0
35,57584.97379,36.67202092,1728.423755,0.030015187,0
36,26289.97231,20.66677873,341.146966,0.012976315,0
37,25952.38147,58.1850173,2109.200772,0.081271955,0
38,32464.09188,50.22500592,4326.705073,0.13327664,0
39,60921.0631,18.84052576,968.8363827,0.015903143,0
40,26578.53669,32.67604425,3489.843136,0.131303058,1
41,66260.12156,32.89669307,7035.589107,0.106181349,0
42,58787.45524,62.64130285,4167.786724,0.070895852,0
43,62545.70871,49.04043324,4362.905812,0.069755478,0
44,24381.95345,25.25233071,4227.018986,0.173366707,1
45,67852.10587,47.32189906,5730.588251,0.084457043,0
46,41725.61286,18.13003836,1185.2147,0.028404968,0
47,41896.9716,47.25073103,4892.209734,0.116767622,0
48,44379.72965,50.08867129,1814.335082,0.040882067,0
49,28416.89938,57.9287193,1788.973736,0.062954572,0
50,68427.16311,46.30824019,1658.070233,0.02423117,0
51,35975.79493,35.70865177,6610.366179,0.183744826,0
52,57596.3541,29.2460566,3344.384401,0.058065905,0
53,29681.88309,54.95928719,1745.871674,0.058819438,0
54,51656.93867,47.7150637,7158.13906,0.138570718,0
55,24912.84268,49.3663712,267.6962986,0.010745313,0
56,47761.82407,50.09815907,5549.799128,0.116197386,0
57,22248.1792,23.44362417,4364.975281,0.19619472,1
58,29724.47688,31.9685264,3075.345728,0.103461728,0
59,52143.82367,20.83763392,2393.099679,0.045894212,0
60,56577.72286,36.84780068,5947.421721,0.105119496,0
61,37660.77072,53.74506047,2129.597165,0.056546829,0
62,37403.7954,47.9441217,2044.047045,0.054648119,0
63,31652.69373,62.02380247,5151.070445,0.16273719,0
64,32727.70073,34.47487101,1087.919364,0.033241546,0
65,69078.60481,25.10752405,4076.583914,0.059013698,0
66,40622.19487,41.52718879,4949.902333,0.121852164,0
67,37521.01717,60.54107743,8.012076247,0.000213536,0
68,30735.8085,22.24209774,5946.822297,0.193481889,1
69,24857.69488,21.59867635,2692.163459,0.108303021,0
70,33180.20159,49.56597728,4621.997742,0.139299869,0
71,66628.26009,52.38387344,5992.885092,0.089945094,0
72,38564.93213,21.21649167,5604.16999,0.145317771,1
73,33704.5085,33.18310623,5898.000893,0.174991452,1
74,57018.48483,44.82571531,3507.252166,0.061510792,0
75,40526.90279,28.60637596,2119.984911,0.052310558,0
76,50827.98052,51.01293719,1765.983337,0.034744314,0
77,40775.8116,60.28875683,1922.610022,0.047150748,0
78,55467.15141,56.85133096,9226.902041,0.166348944,0
79,38789.02939,61.22928543,7650.65521,0.197237604,0
80,58074.84013,50.07492427,7388.02444,0.127215579,0
81,57814.10634,43.8309231,7252.120004,0.12543859,0
82,45190.72918,53.83952,7893.559889,0.174672107,0
83,36801.90718,43.02794342,5406.344926,0.146903934,0
84,68811.77942,24.03826535,4211.302611,0.061200316,0
85,30483.29553,33.65644124,4514.00978,0.148081423,1
86,44930.39417,19.77738585,7708.315625,0.171561273,1
87,43671.45655,25.58503698,8066.697865,0.184713277,1
88,27612.9148,19.21244819,1513.6242,0.054815807,0
89,53607.32693,27.5617124,2378.766173,0.0443739,0
90,33036.68312,25.06336742,958.9798221,0.029027727,0
91,64275.83489,61.440913,7520.032053,0.116996256,0
92,30673.8375,59.33383708,383.1075694,0.012489718,0
93,58793.61431,56.49441041,4391.981054,0.074701668,0
94,21053.49062,63.37940765,754.6018821,0.035842127,0
95,42095.4222,55.36618805,1183.704568,0.028119556,0
96,50360.67879,28.83954247,4217.166823,0.083739277,0
97,41970.72448,63.16991394,1622.317392,0.038653548,0
98,51663.41018,63.73571024,4147.888585,0.080286775,0
99,53601.81244,20.24062127,9601.375482,0.179124083,1
100,43439.98873,24.17947032,6879.306007,0.158363439,1
101,51461.05317,36.65155863,7292.264177,0.141704527,0
102,41285.17231,47.97630816,2313.825005,0.05604494,0
103,62895.74977,49.92260372,2001.281514,0.031819026,0
104,57296.16082,25.70848233,10601.08278,0.185022567,1
105,60844.09249,45.655205,12072.25576,0.198412948,0
106,47634.54955,44.29487133,141.7038179,0.002974812,0
107,23998.32369,29.91003349,3928.303909,0.163690763,1
108,63391.61597,34.73926766,190.8892748,0.00301127,0
109,21534.55122,44.31503802,228.335387,0.010603211,0
110,28255.65251,35.51401737,2109.242798,0.074648526,0
111,36496.13393,19.51571649,165.5060901,0.004534894,0
112,41631.6663,53.04765477,106.0907472,0.002548319,0
113,68762.41666,20.99124336,2796.752303,0.040672688,0
114,30075.26492,29.23505652,2628.577923,0.087399992,0
115,41302.67418,38.66061858,1379.913124,0.033409777,0
116,39703.75943,47.46874099,2403.478216,0.060535281,0
117,63161.09204,59.67511498,804.0924415,0.012730819,0
118,63062.1421,26.58577848,56.16616439,0.000890648,0
119,34507.52791,38.58778339,1793.750255,0.051981419,0
120,27954.70777,29.90452167,1627.041405,0.058202769,0
121,37369.38206,35.34194884,3783.601151,0.101248695,0
122,43912.06274,23.82192118,7757.136789,0.176651615,1
123,22766.7745,29.32590147,1429.401762,0.062784553,0
124,21603.3057,21.37503332,178.333871,0.008254934,0
125,61952.90669,18.47742502,3635.600589,0.058683293,0
126,36116.36509,22.53588419,1494.984568,0.04139355,0
127,26157.77727,22.82693773,2295.811656,0.087767842,0
128,26458.3832,59.52298674,552.3981664,0.020878002,0
129,69156.30377,53.4108625,7364.735578,0.10649406,0
130,39441.44476,46.75389592,1034.758838,0.026235318,0
131,60119.06581,45.07696923,1810.96046,0.030122898,0
132,55613.48546,24.37712877,4255.252137,0.076514754,0
133,37049.38624,29.42301855,6056.817214,0.163479556,1
134,23122.06493,53.30953584,4263.493031,0.184390669,0
135,48790.13243,32.47562106,5519.09604,0.113119103,0
136,59132.68516,48.34499296,4575.527635,0.077377302,0
137,55305.57483,53.58227987,8176.707165,0.147845985,0
138,26037.46364,24.78310779,3293.250879,0.126481247,1
139,64899.80503,38.11601668,4654.249217,0.071714379,0
140,27089.12432,21.2076896,5029.488782,0.185664502,1
141,45341.47464,22.56956836,6525.218423,0.143912797,1
142,24865.79807,37.30975294,4439.116154,0.178522971,0
143,28239.54321,26.19220966,4189.832568,0.148367576,1
144,52730.0805,50.23778499,5706.325323,0.108217649,0
145,28982.05815,39.04840987,2898.761824,0.100019185,0
146,36221.26601,26.10150042,5094.670084,0.140654114,1
147,33551.12437,58.85692749,4333.360862,0.129156949,0
148,43891.35597,49.1538267,5792.906333,0.131982852,0
149,45148.88572,60.52500645,6455.391772,0.142980091,0
150,58481.01216,40.83291823,5380.560596,0.092005258,0
151,69579.92921,57.75624316,10868.24147,0.156197938,0
152,52743.30857,44.04851651,2684.700671,0.050901256,0
153,65635.66153,51.16771448,12701.60348,0.193516804,0
154,34559.90704,29.11218199,3317.529874,0.095993599,0
155,60218.53153,32.47188772,3157.961082,0.052441682,0
156,51689.54854,46.15419152,9881.976006,0.191179383,0
157,47541.61434,55.23458507,1611.216597,0.033890658,0
158,62905.79302,27.90965196,11423.9363,0.181603883,1
159,65632.60458,47.10576675,12498.04045,0.190424265,0
160,31847.85372,41.41633576,2913.769931,0.091490308,0
161,27947.44028,58.34845518,5514.117421,0.197303129,0
162,62246.72725,31.08188451,406.7207693,0.00653401,0
163,40154.68857,60.5296832,6013.152874,0.149749708,0
164,58627.55488,33.11565325,1215.65256,0.020735174,0
165,33441.05107,27.87348619,5282.72856,0.157971367,1
166,55603.7868,43.83947279,1411.13008,0.025378309,0
167,31046.37897,29.29739875,4907.674084,0.158075571,1
168,44708.09987,21.10877357,2390.850597,0.0534769,0
169,23340.2707,42.8286153,2707.760939,0.116012405,0
170,24830.18197,28.97024523,2046.68505,0.082427308,0
171,31422.74739,53.89808021,1686.835902,0.053681999,0
172,60477.23385,60.40210646,10711.7009,0.177119557,0
173,26039.02149,49.39040223,2056.752382,0.078987315,0
174,36186.84807,50.50675221,1130.735265,0.031247133,0
175,39772.11873,43.72544781,5492.893689,0.138109154,0
176,34730.16407,63.37623301,818.5084419,0.023567653,0
177,23118.48331,57.58105032,1746.936559,0.075564497,0
178,50072.84763,33.01527275,8088.568019,0.16153601,1
179,67465.06239,23.61105385,1802.616994,0.026719267,0
180,38625.63201,19.6300378,5836.563381,0.151105965,1
181,45227.48283,26.72316244,5521.507405,0.122083014,1
182,64901.89773,44.93881585,9589.833525,0.147758908,0
183,40543.91354,51.46087562,6507.850191,0.160513617,0
184,27793.26672,60.51690847,382.2489041,0.013753292,0
185,61167.77482,20.58363144,10396.61815,0.16996888,1
186,64619.66462,26.04209269,9704.782409,0.150183113,1
187,37593.75787,54.01041531,7274.325628,0.193498231,0
188,35032.6496,56.72462562,135.9316845,0.003880143,0
189,58364.46498,55.59654948,5809.899,0.099545143,0
190,56945.81041,45.55402051,6388.369826,0.112183316,0
191,27204.84855,29.07209672,3827.893915,0.140706312,1
192,21648.26103,52.58703992,3558.527262,0.164379359,0
193,31077.85689,44.2215167,4452.330679,0.143263762,0
194,42522.92241,53.86865108,6790.850263,0.159698579,0
195,31769.24772,44.77438059,1148.221436,0.036142544,0
196,35556.77991,23.77743318,6361.973438,0.178924342,1
197,52908.82424,53.69563592,9841.080553,0.186000742,0
198,35045.13141,28.65328366,2382.466772,0.067982817,0
199,44488.16448,33.43120549,2751.088843,0.061838668,0
200,41679.93712,53.66990824,395.0007751,0.009477,0
201,54619.9472,52.42442217,10780.27188,0.197368772,0
202,38053.62313,26.20688032,6110.572792,0.16057795,1
203,64718.66178,37.27649201,1485.079935,0.022946703,0
204,43159.08497,62.44209669,4350.019897,0.100790364,0
205,29445.5105,28.44567748,1758.881865,0.059733448,0
206,25817.38988,37.94548019,4115.484719,0.159407467,0
207,66356.85674,61.52484883,10725.48473,0.161633405,0
208,56676.158,46.67896953,2278.554349,0.040203049,0
209,61000.04277,48.62361021,2160.784908,0.035422679,0
210,58906.25169,42.04934198,9290.575345,0.157717985,0
211,49589.15372,42.77525588,2627.405488,0.052983471,0
212,40141.60354,56.15141838,845.3663713,0.021059606,0
213,31659.72821,31.92815368,858.511388,0.027116827,0
214,62658.22163,25.46316007,3343.367161,0.053358794,0
215,39264.4835,37.02775284,5255.788283,0.13385604,0
216,46643.12648,53.40508337,6440.861434,0.138088115,0
217,30515.37212,20.16187772,415.240435,0.013607582,0
218,65077.32203,50.97913471,11061.81189,0.169979519,0
219,60871.869,61.2601442,4844.172224,0.079579817,0
220,25011.1039,36.21518966,3834.042782,0.153293625,0
221,68407.18551,60.93758158,597.9440655,0.008740954,0
222,43727.43934,55.19259935,1170.556334,0.026769378,0
223,45788.7471,41.26194623,5894.041317,0.128722485,0
224,65705.01082,50.92843185,1969.794134,0.029979359,0
225,32434.70251,41.35317101,2738.440496,0.084429339,0
226,58121.66858,27.30180023,7531.101249,0.12957476,1
227,62498.50725,31.9096908,3312.877622,0.053007308,0
228,26090.72588,48.07852007,4255.626392,0.163108777,0
229,64780.93854,20.22810118,8402.415586,0.129705061,1
230,65588.40342,22.91821226,7879.738136,0.120139197,1
231,65743.70367,52.3005041,7724.571414,0.117495227,0
232,37164.52158,47.29545476,1445.802189,0.038902753,0
233,65176.52978,48.96321098,2365.28749,0.036290479,0
234,34615.54217,25.51438965,6476.760852,0.187105573,1
235,59079.46505,58.6383316,10326.08977,0.174783061,0
236,56267.17164,22.48613604,7329.243164,0.130257892,1
237,34862.82129,54.96487331,6040.772062,0.173272611,0
238,60521.3641,45.42499301,8035.883173,0.132777628,0
239,42276.78291,57.93069619,8055.305084,0.190537324,0
240,38451.17771,63.42145549,3441.261416,0.089496905,0
241,45985.10865,53.5338888,7382.056426,0.160531456,0
242,51000.42244,27.80299751,778.7326956,0.015269142,0
243,31523.10777,40.44616794,5174.570569,0.164151663,0
244,28648.67675,18.39696983,1870.925253,0.065305817,0
245,27514.42796,21.8976978,3400.910744,0.123604632,1
246,27441.00038,37.39906989,1455.047602,0.053024583,0
247,67709.24159,50.41293228,5136.819308,0.075865852,0
248,38600.70719,44.72279622,2749.080191,0.071218389,0
249,30950.29541,26.31019433,5043.148637,0.162943473,1
250,27083.82287,60.66665852,3286.212882,0.121334898,0
251,21512.74527,24.7795283,2453.376121,0.114042912,0
252,34796.00356,58.48789988,443.6665381,0.012750503,0
253,27089.39284,51.29419704,1851.311563,0.068340829,0
254,25259.40163,39.73976626,4341.008082,0.171857123,0
255,47007.31358,45.01979643,4069.402646,0.086569564,0
256,20358.66502,53.61518031,1064.686918,0.0522965,0
257,67900.22653,43.51430384,7902.742965,0.116387579,0
258,54418.47099,55.2220663,5630.741221,0.10347114,0
259,51288.55469,29.92074847,6536.966363,0.127454681,1
260,28199.60163,36.66870417,3871.688902,0.137295872,0
261,22199.61514,60.10481888,1498.390919,0.067496257,0
262,50514.46963,57.37965014,2003.65357,0.039664943,0
263,34414.24034,54.5301724,617.5387522,0.01794428,0
264,37633.08743,29.42141257,868.1624733,0.023069127,0
265,55235.50407,47.00526014,4910.547658,0.088902016,0
266,45587.55184,62.02213807,8366.614268,0.183528484,0
267,52757.79494,53.08221445,2321.206314,0.04399741,0
268,41174.80813,52.33937637,2888.44471,0.070150775,0
269,25685.5352,39.00918946,490.7429211,0.019105809,0
270,28145.303,55.54762961,4805.971549,0.170755723,0
271,52094.21837,40.84450776,495.0211992,0.009502421,0
272,33552.38598,25.15961094,6054.244126,0.180441538,1
273,37400.93377,50.10848668,1693.137378,0.045269923,0
274,21605.72509,23.2381696,2828.308618,0.130905517,1
275,57562.89174,56.60056735,8508.835399,0.147818067,0
276,62288.53961,25.60217264,10657.10612,0.171092567,1
277,22767.2642,45.12328068,1205.786013,0.052961392,0
278,20943.04333,19.81963119,4098.11579,0.195679096,1
279,20622.8601,30.4140331,3518.452629,0.170609344,1
280,48436.66463,49.02784977,5851.409789,0.120805382,0
281,27574.63418,57.64370906,1017.39616,0.036896089,0
282,62889.36214,33.2456503,6525.151793,0.10375605,0
283,37683.20049,55.58721086,7414.552853,0.196760168,0
284,54974.4555,61.98420323,8922.199717,0.162297191,0
285,56326.08667,40.40545522,4816.776074,0.085515901,0
286,65670.88344,50.00469847,3950.870172,0.060161672,0
287,50730.73339,41.97006679,1879.059662,0.037039868,0
288,64184.91579,46.44703643,1854.239613,0.028889025,0
289,66179.32411,48.12079915,3646.93786,0.055106907,0
290,24969.5268,45.12099322,3595.501942,0.143995598,0
291,54925.51827,40.80560311,554.4883448,0.010095277,0
292,67879.24802,43.59720866,10433.47435,0.153706393,0
293,67787.52676,53.36234044,9607.498847,0.141729597,0
294,31657.6193,37.77866429,1448.071984,0.045741658,0
295,36559.13503,19.71617609,3030.267241,0.082886732,0
296,57787.56566,22.64466921,6339.850844,0.109709602,0
297,42521.72601,47.70428875,2661.612516,0.062594179,0
298,51935.18063,21.49550533,5649.452468,0.108778912,0
299,45677.87613,51.69305562,2966.246125,0.064938355,0
300,51363.59581,21.0219966,761.4224042,0.014824165,0
301,27218.56103,55.17101996,4145.003587,0.152285919,0
302,43677.62922,32.55303035,6739.858598,0.154309167,1
303,21533.59551,57.90168346,1971.55422,0.091557131,0
304,28010.19093,55.36689966,3971.155479,0.141775381,0
305,51589.28275,50.31346489,56.99097407,0.001104706,0
306,50480.95269,27.08039063,8831.184365,0.174940921,1
307,43957.35058,21.14484884,5416.357798,0.123218477,1
308,61878.34655,33.00635954,567.6687734,0.009173949,0
309,60153.33697,20.30086013,6472.347007,0.107597472,0
310,33388.58334,62.00167495,4551.876889,0.136330339,0
311,41310.40178,53.57694074,4481.162213,0.108475397,0
312,25576.95393,51.93226805,1922.656626,0.075171447,0
313,51455.09845,37.2856837,9447.117157,0.183599244,0
314,48134.15693,47.96967523,2075.596112,0.043121065,0
315,51348.5273,52.43673978,1507.891341,0.029365815,0
316,20532.82373,54.62323385,1897.780821,0.092426684,0
317,33297.21402,46.57996004,3674.74134,0.110361826,0
318,55858.54924,25.86653378,5630.444972,0.100798267,0
319,43777.51848,20.0109277,3601.299685,0.082263678,0
320,27789.51906,58.51913348,186.8280739,0.006722969,0
321,36132.42388,34.29426042,99.4495914,0.002752364,0
322,20145.9886,21.28278372,839.8390632,0.041687657,0
323,63108.70739,43.19394153,5757.848995,0.091236998,0
324,26581.61453,61.95337375,5090.392774,0.191500511,0
325,62040.88963,62.04980097,7643.631046,0.123203118,0
326,69958.70554,30.5360199,8755.691977,0.125155146,1
327,38082.51952,45.51997724,4213.465259,0.110640402,0
328,45183.05418,33.89557822,5953.453524,0.131762972,1
329,36242.44796,39.41547079,5688.994849,0.156970491,0
330,44527.2589,42.09009228,4588.472286,0.103048613,0
331,40496.25582,20.10545872,4834.603798,0.11938397,0
332,24698.66931,48.91255747,2427.650788,0.098290752,0
333,60560.30553,49.75058567,1994.621134,0.032936114,0
334,48018.21146,50.20413902,6120.090021,0.127453519,0
335,30216.25196,26.56371653,2116.53731,0.070046322,0
336,61742.23995,44.87260781,8068.319704,0.13067747,0
337,47288.42667,62.42846686,4004.988852,0.084692791,0
338,24658.89932,59.43650057,590.5980812,0.023950707,0
339,64644.3481,58.84065675,9848.171449,0.15234389,0
340,57517.72414,52.48606979,4536.857209,0.078877551,0
341,52945.54779,54.63191519,6262.007945,0.118272607,0
342,36366.99041,47.19141009,371.040895,0.010202684,0
343,62113.72957,27.884415,11928.50986,0.192043047,1
344,62279.5195,26.66646905,6801.405893,0.109207745,0
345,61799.08496,56.95796104,5619.217604,0.090927198,0
346,50139.74001,30.26781235,7758.799823,0.154743519,1
347,69566.68435,52.96708771,9875.037183,0.141950666,0
348,44897.48837,51.35806105,5732.399032,0.127677499,0
349,22572.30276,51.01624042,724.1931885,0.032083266,0
350,37123.07964,19.9466845,5659.509278,0.15245258,1
351,68744.78865,60.73005586,5207.883117,0.07575677,0
352,21081.19418,52.38283326,2395.16535,0.113616208,0
353,58828.29212,32.40292043,5947.645468,0.101101787,0
354,46706.45886,18.83033629,7084.263509,0.151676314,1
355,32312.85338,28.15532047,228.3308036,0.007066253,0
356,60778.76502,43.01302298,10021.04922,0.164877474,0
357,30948.04155,42.7513536,3995.807295,0.129113414,0
358,60122.01157,62.90960494,7189.350735,0.119579345,0
359,43321.68112,32.28625435,743.867141,0.017170782,0
360,47904.34124,40.03927024,6183.514146,0.129080455,0
361,58597.38325,53.28803374,2588.490266,0.044174161,0
362,66091.90591,24.2041407,8743.509701,0.1322932,1
363,47316.70138,27.06419772,1940.674044,0.041014568,0
364,40872.63977,54.94806156,5312.491706,0.129976721,0
365,35154.49348,52.89921324,4037.719604,0.11485643,0
366,32222.81881,61.81061588,934.4771331,0.029000478,0
367,40447.67296,22.49292385,1072.192659,0.026508142,0
368,48463.20455,50.52642975,8120.25809,0.167555121,0
369,42843.09913,28.63178613,839.869024,0.019603368,0
370,50310.42244,53.03869686,8361.7191,0.166202522,0
371,57565.19996,37.73785449,5353.561654,0.092999966,0
372,55066.18297,55.7392007,9332.702666,0.169481561,0
373,46065.94821,52.8386392,4947.308728,0.10739622,0
374,38309.58566,55.4291345,3545.723971,0.092554485,0
375,54472.14476,59.245985,10836.38309,0.198934394,0
376,58695.0944,29.77440963,1826.516302,0.031118722,0
377,54748.91231,31.59685864,5438.093693,0.099327885,0
378,46328.17192,56.84083064,7879.676208,0.170083901,0
379,49633.32747,38.98900889,7915.313443,0.159475777,0
380,66339.78388,35.59190521,2350.891508,0.035437129,0
381,62650.71966,33.48406627,6425.365364,0.102558524,0
382,27646.78005,56.31166878,3132.148692,0.113291627,0
383,21437.61575,45.73140049,2563.960873,0.119601028,0
384,50648.19844,56.51730671,7110.755833,0.14039504,0
385,29670.67184,53.55019966,2928.984088,0.098716473,0
386,20258.53866,29.11553162,2767.8373,0.136625714,1
387,34475.21797,42.30791846,3162.133837,0.091721939,0
388,28926.43246,62.06525128,750.067107,0.025930163,0
389,20660.66895,49.36388109,1756.037625,0.084994229,0
390,24987.93409,49.06510864,3946.898246,0.157952163,0
391,29672.56081,51.01980481,607.9094842,0.020487261,0
392,23241.59989,40.84775603,457.1966172,0.019671478,0
393,24217.22876,23.51076748,2104.384323,0.086896166,0
394,65574.09334,23.51304252,3031.246326,0.046226279,0
395,55994.45879,31.1392572,680.6196961,0.012155126,0
396,67369.33212,57.63423984,2299.418172,0.034131527,0
397,23305.77149,28.21752876,4521.004312,0.193986469,1
398,35195.46635,49.6584056,2836.988178,0.080606637,0
399,27135.07262,54.8364598,1387.248801,0.051123829,0
400,24037.16514,23.31157432,2469.364426,0.1027311,0
401,51625.31323,44.80884119,4592.24555,0.088953369,0
402,50705.76626,53.20582216,1096.967075,0.021633971,0
403,58079.1569,18.66302679,11540.04581,0.198695133,1
404,62192.46707,46.0507889,1863.891003,0.029969723,0
405,62553.66841,63.92497558,4641.704785,0.074203558,0
406,68147.95732,22.98439448,12307.56232,0.180600605,1
407,27619.66141,47.54050593,2774.832781,0.100465851,0
408,65330.19284,28.58998731,4030.803692,0.061698941,0
409,26680.14584,47.76173998,1671.184924,0.062637773,0
410,46104.59891,51.05635889,2342.472921,0.050807793,0
411,44904.59764,44.20668666,4953.773599,0.110317737,0
412,52934.59443,50.40298165,3248.627718,0.061370598,0
413,43509.75776,18.07533586,7363.037639,0.169227273,1
414,22118.35733,63.01594669,3928.121846,0.177595551,0
415,56275.41002,30.24987142,2224.88416,0.039535637,0
416,48630.97953,27.02167736,5862.833029,0.120557576,1
417,64272.7,37.77801477,4929.878818,0.076702532,0
418,24349.00295,53.75252283,3890.47105,0.159779481,0
419,34332.31526,36.5013709,1225.720223,0.035701648,0
420,64940.24109,43.94104124,8196.930726,0.126222672,0
421,30595.74801,40.91149463,3495.069881,0.114233843,0
422,53422.21625,28.18853052,7441.759617,0.13930084,1
423,69995.68558,52.71967321,2084.370861,0.029778562,0
424,48270.79624,45.30585103,6232.280399,0.129110785,0
425,27028.15559,48.10959467,331.3643087,0.012259967,0
426,23519.86609,34.39370686,2368.381231,0.100697054,0
427,37302.0834,35.01540389,2366.17424,0.063432764,0
428,55601.27185,18.8429929,10533.45516,0.189446299,1
429,62678.64545,25.83939413,333.4413981,0.005319856,0
430,41602.43398,25.25986939,7005.079292,0.168381477,1
431,27533.00133,46.76592846,1551.420288,0.056347663,0
432,30594.17656,50.0438201,118.3421421,0.003868126,0
433,47846.9459,24.41835729,3713.262688,0.077607099,0
434,55273.275,25.41639103,10282.99745,0.186039229,1
435,23086.25541,24.84996033,1256.40116,0.054422042,0
436,29621.27488,32.45542329,5575.253691,0.188217884,1
437,47533.92095,39.95519407,6637.770871,0.139642822,0
438,62519.18418,44.40997496,2324.547705,0.037181351,0
439,50878.95904,44.96512582,3257.012629,0.064014923,0
440,58580.95951,56.62695134,4317.715478,0.0737051,0
441,69445.64945,28.81827377,10643.40418,0.153262361,1
442,60929.17235,60.05877767,11146.07446,0.18293494,0
443,35496.6655,47.00274607,168.0547853,0.004734382,0
444,33572.4235,57.44221936,3369.377023,0.100361448,0
445,55306.91435,20.14031182,5272.535014,0.095332294,0
446,34141.92764,47.15114867,3371.66431,0.098754363,0
447,40453.89095,20.70989283,890.9395353,0.022023581,0
448,69088.77742,53.93562663,11246.48815,0.16278314,0
449,30885.6922,55.15075882,5216.354091,0.168892251,0
450,58683.22632,24.8449593,271.7344685,0.00463053,0
451,60675.81216,39.9639062,11617.74891,0.191472491,0
452,68460.68003,35.77560039,949.9566247,0.013875945,0
453,63653.83991,27.51536888,8866.527185,0.139292888,1
454,42522.57576,18.32612216,5036.25528,0.118437211,0
455,54140.42913,30.88889273,7896.223766,0.145847085,1
456,47548.36262,47.83910014,6153.936564,0.129424784,0
457,24114.01226,52.33581555,3900.829601,0.161766095,0
458,20686.23909,33.28052356,3052.576691,0.147565571,1
459,21412.30861,26.38271039,2639.710126,0.123280034,1
460,69391.1466,63.80067091,2550.265147,0.036752025,0
461,32319.26222,42.93199308,2733.420559,0.084575587,0
462,52862.94714,47.33139712,9754.152239,0.184517753,0
463,48383.27615,39.7047263,2763.263955,0.057111965,0
464,36430.5384,38.22744175,5855.185594,0.160721907,0
465,44268.89401,27.93317102,6043.143106,0.136509918,1
466,63806.32925,56.6321662,114.4999674,0.001794492,0
467,46195.77717,32.41359859,927.0675939,0.020068232,0
468,23743.16077,42.73457772,3254.74895,0.137081536,0
469,22089.83748,21.29670327,2584.022038,0.116977865,0
470,54707.28851,44.23788146,10255.19011,0.187455646,0
471,23203.64719,58.56887607,749.1453684,0.032285673,0
472,25342.25068,40.36114009,871.5300911,0.034390398,0
473,31645.63282,32.16327128,5193.838197,0.164124959,1
474,32306.8084,21.90630584,3603.364078,0.111535749,0
475,61262.81632,49.41303041,5564.163603,0.090824483,0
476,26388.7273,19.37152054,1191.332138,0.045145494,0
477,53009.42543,36.07447938,3589.253506,0.067709723,0
478,58163.54068,58.7474847,2237.927764,0.038476471,0
479,38665.03393,55.12592175,6152.004833,0.159110292,0
480,25289.04722,53.34272481,3701.537602,0.1463692,0
481,66049.93403,29.3157674,13172.6813,0.199435192,1
482,56282.98253,62.3698886,8215.558384,0.145968782,0
483,35778.61523,30.62820738,5544.654684,0.154971193,1
484,29174.24031,18.52862799,665.5770001,0.022813859,0
485,55934.43256,60.75524976,5643.179899,0.100889195,0
486,32256.86152,20.09639947,2809.322185,0.087092236,0
487,68052.80692,28.75880168,1415.718263,0.020803231,0
488,26957.05387,55.26487741,4172.988238,0.154801347,0
489,48685.04202,32.53325603,9698.582169,0.199210718,1
490,38288.07108,28.73543162,1723.399373,0.045011392,0
491,42468.02083,28.62581918,1902.26561,0.044792895,0
492,55377.77303,46.91822152,6882.873416,0.124289458,0
493,54231.70279,21.27421064,10156.14231,0.187273159,1
494,53283.25871,49.00469291,4065.218795,0.076294485,0
495,52534.78548,47.18361948,3810.131842,0.072525886,0
496,47847.51563,26.65183777,8494.016431,0.177522622,1
497,59998.25327,54.30892681,4659.535976,0.077661194,0
498,58684.51301,31.73226475,5415.817417,0.092286996,0
499,49114.78793,61.48152255,6388.85036,0.130079974,0
500,57179.40201,21.37312158,2991.967351,0.052325964,0
501,69395.11648,23.95138858,11047.68434,0.159199738,1
502,43963.73801,41.55384223,4481.436861,0.101934846,0
503,66326.47247,40.98032875,5602.160022,0.08446341,0
504,35886.72684,34.66834878,843.749092,0.023511453,0
505,35578.23411,42.394597,3640.848886,0.102333603,0
506,48689.00043,36.56309217,3859.471823,0.079267839,0
507,56510.83536,47.30828614,9255.439649,0.163781682,0
508,50275.89996,41.81982332,5541.821255,0.110228186,0
509,56665.49409,61.64512274,11159.79317,0.196941602,0
510,42912.09054,60.58219753,4550.122853,0.106033586,0
511,22169.72922,36.97071669,947.1996384,0.042724908,0
512,35919.80732,27.30412443,1227.109484,0.034162474,0
513,61987.68527,27.63108779,2618.243037,0.042238116,0
514,30044.68352,49.77406378,1428.439625,0.04754384,0
515,61528.27242,55.90302305,10897.90548,0.17712029,0
516,31196.49177,47.17878489,987.2615366,0.031646556,0
517,66003.95999,33.07351468,11207.49523,0.169800346,1
518,56960.67384,25.51799914,4856.483454,0.085260288,0
519,41315.10789,57.52009412,1378.909057,0.033375419,0
520,64913.34384,26.76631122,9781.326722,0.150682836,1
521,32804.90449,62.29439051,4961.25568,0.151235181,0
522,25789.2098,26.49416967,2410.277414,0.093460693,0
523,31908.35431,38.25251186,1857.461578,0.05821239,0
524,56050.30258,23.97382954,6870.83901,0.122583442,1
525,66505.77569,25.61824062,6571.197021,0.098806411,0
526,57504.07174,55.71713443,8107.267645,0.140985975,0
527,44619.11149,59.85248724,2474.977159,0.055468992,0
528,21158.93529,54.30391261,3562.308296,0.168359525,0
529,22765.19092,20.58742742,540.6177247,0.023747559,0
530,25052.82026,45.57399348,3367.701923,0.134424064,0
531,61006.1073,54.18129557,5850.770691,0.095904672,0
532,62321.24247,45.8902828,10649.07205,0.170873873,0
533,49604.54421,51.94400881,7045.919202,0.142041809,0
534,48433.37349,28.53199734,789.6333613,0.016303497,0
535,57590.28328,19.49710268,7676.310663,0.133291768,1
536,62691.70137,25.06437924,8244.7489,0.131512604,1
537,51121.65687,58.52718075,6471.628202,0.126592693,0
538,22516.54035,55.51892667,4267.451902,0.189525204,0
539,60857.23505,37.39428701,10486.74435,0.172317134,0
540,62908.35748,51.14682721,3213.898146,0.051088572,0
541,49665.63384,50.31921262,2713.885075,0.054643118,0
542,65322.80107,41.45419509,2739.71999,0.041941251,0
543,20598.92656,35.77115432,3872.402468,0.187990498,0
544,55476.65698,52.0892028,4733.50583,0.08532428,0
545,26218.49485,18.41623623,3343.816358,0.127536549,1
546,40794.87023,38.04052822,6519.43706,0.159810217,0
547,53719.65111,42.89010155,1670.737893,0.031101056,0
548,20715.53563,27.53032143,369.5277394,0.017838194,0
549,57163.8524,53.54481969,577.5307824,0.010103077,0
550,33751.20531,25.30187719,6494.184336,0.192413405,1
551,44832.56472,32.17826296,1256.253538,0.028021005,0
552,51035.63346,58.99497729,2889.880195,0.056624754,0
553,53493.48601,21.87474639,5030.8288,0.094045634,0
554,58205.68,56.83783815,10035.60302,0.172416215,0
555,47439.94076,22.34841947,7896.356942,0.166449553,1
556,47586.22771,42.27500753,3343.056276,0.070252601,0
557,26100.85126,62.31916468,960.1372514,0.036785668,0
558,45326.40367,59.36251247,5142.110837,0.113446257,0
559,24391.75623,47.0350985,2198.144889,0.090118353,0
560,53741.37102,49.72943257,6513.150125,0.121194342,0
561,40053.72227,27.93848013,44.5272461,0.001111688,0
562,53033.86413,38.45755969,10427.4705,0.196619098,0
563,25176.50201,53.54340881,3064.718488,0.121729321,0
564,31210.84702,54.10490667,3853.088042,0.123453492,0
565,23532.2763,59.63373699,1077.8404,0.045802641,0
566,63776.77079,43.81065864,6697.971583,0.105022119,0
567,52278.765,45.92897162,4269.136035,0.081660996,0
568,56015.81322,32.50931024,2275.763425,0.04062716,0
569,56110.93994,62.82941483,9351.006131,0.166652103,0
570,57856.80823,33.68215095,8824.164747,0.15251731,1
571,30187.09186,28.15508425,4462.823258,0.147838794,1
572,30786.87193,47.06810554,3563.319789,0.115741534,0
573,22279.29977,58.90732761,3141.338536,0.140998082,0
574,42476.26553,46.43822313,8334.182008,0.196207974,0
575,58147.79986,34.05864485,3951.189747,0.067950804,0
576,36266.21187,55.54236272,3206.927665,0.088427423,0
577,39045.49716,27.43322056,1165.492158,0.029849592,0
578,64467.80368,63.40058921,521.5757014,0.008090483,0
579,36594.80667,60.91256134,3492.334022,0.095432504,0
580,58797.76286,53.40343367,8892.963303,0.151246627,0
581,66653.27093,19.88705308,5180.71186,0.077726296,0
582,48271.49838,21.66234102,6077.680287,0.125906187,1
583,30991.43192,34.01002602,4589.267265,0.148081808,1
584,45446.51834,19.30469183,8474.982464,0.186482546,1
585,37142.73889,50.30304299,161.2375511,0.004341025,0
586,58320.80889,20.25760534,10033.49168,0.172039652,1
587,24825.54068,54.8174662,3650.196352,0.147033912,0
588,20511.42944,27.19626825,931.7900744,0.045427847,0
589,48326.32089,35.65219864,7168.707002,0.148339598,0
590,55441.35879,48.05859911,10768.74784,0.194236723,0
591,60496.90792,33.94567162,1115.154587,0.018433249,0
592,25296.15423,44.35608995,1320.462443,0.052200126,0
593,50414.32032,56.19400321,2468.171999,0.048957756,0
594,67984.04038,27.46528093,1642.969471,0.024166988,0
595,50382.39977,57.09693649,9183.842295,0.182282748,0
596,49413.29854,18.64785258,2554.044352,0.051687388,0
597,61464.82064,36.40826631,5099.08746,0.082959446,0
598,53784.04957,24.39355435,2761.85138,0.051350752,0
599,35993.28793,41.8750019,901.9277107,0.02505822,0
600,63402.00468,47.22342889,7530.767633,0.118778068,0
601,40484.97132,39.28143317,1093.679203,0.027014449,0
602,26168.01227,41.94116976,3040.98135,0.116209872,0
603,60044.28152,61.31265439,6823.434443,0.113640038,0
604,23984.55095,51.14126769,4622.275198,0.192718855,0
605,40359.70119,32.24500797,1783.697326,0.044195008,0
606,33583.89108,62.13075546,1251.867366,0.037275829,0
607,68038.79202,62.94812935,10108.79585,0.148574005,0
608,45652.05927,53.674341,5408.212129,0.118465897,0
609,34399.20978,31.764889,6019.834423,0.174999207,1
610,57628.43892,23.98656393,5021.639683,0.087138222,0
611,24294.67689,22.26309561,4360.053009,0.179465363,1
612,52218.88251,37.54275677,9792.091531,0.187520128,0
613,50061.76774,55.36104188,6145.131817,0.122750995,0
614,49352.27422,57.54215563,3362.774486,0.068138187,0
615,21087.35554,49.31063445,3353.693571,0.159038129,0
616,23812.25268,42.76555932,2716.655819,0.114086469,0
617,49395.16649,41.08490913,5927.574676,0.120003132,0
618,33338.94399,46.59851354,2929.851424,0.087880751,0
619,29668.32072,38.6837404,2042.436463,0.068842335,0
620,45936.5972,41.99401029,8525.231909,0.185586927,0
621,55948.06772,40.30301538,8569.220573,0.153163834,0
622,53239.50071,63.51511514,4606.156805,0.086517656,0
623,43694.03444,49.51503554,5049.635509,0.115568076,0
624,24078.0725,38.49162835,3276.139948,0.136063215,0
625,50258.55302,22.54284077,1086.246165,0.02161316,0
626,41816.65683,48.91721362,4534.575973,0.108439467,0
627,36892.71622,54.44842476,6463.647751,0.175201189,0
628,23886.56761,34.44297279,4440.419617,0.185896094,1
629,48757.76505,23.07603499,1833.581051,0.037605929,0
630,34601.68266,33.85052236,2430.101618,0.070230735,0
631,52986.00455,50.42376288,4928.607034,0.093017148,0
632,50740.95102,21.72135886,784.5773121,0.015462408,0
633,53096.9914,36.35007538,2663.052609,0.050154492,0
634,38500.00065,53.93069108,7571.682318,0.19666707,0
635,41004.26236,55.84909201,1016.141008,0.024781351,0
636,63585.36459,49.33992697,1594.972682,0.025083959,0
637,31823.68106,30.98355705,2290.430342,0.071972514,0
638,26242.63362,32.59683185,1801.228195,0.068637478,0
639,63531.24599,19.32910789,6917.508435,0.108883563,0
640,64751.14654,53.63820349,2289.851251,0.035363872,0
641,31091.2763,50.89554304,4071.083034,0.130939721,0
642,66871.26736,62.68936364,3614.268185,0.054048148,0
643,25098.65283,51.64706285,2611.848092,0.104063278,0
644,33720.58922,47.24662629,1365.952209,0.040507958,0
645,28182.52329,25.52961036,2285.956538,0.081112557,0
646,27334.56971,42.67119449,2963.794432,0.108426599,0
647,68694.84318,23.08141739,12731.89464,0.185339889,1
648,46195.62167,26.62719845,2888.633728,0.062530466,0
649,34488.20985,27.13153021,2156.314406,0.062523234,0
650,57827.6631,23.97296825,10816.75901,0.187051636,1
651,20346.46905,35.71607365,656.0331879,0.032243098,0
652,60480.9758,53.42868783,3216.094541,0.053175308,0
653,51915.67978,44.10910349,2282.911022,0.04397344,0
654,54625.50698,31.69645567,8619.745177,0.157797074,1
655,48305.42709,55.2125357,4833.47747,0.100060754,0
656,28577.96451,21.42016018,1639.225639,0.057359776,0
657,53400.82701,58.08168841,10418.19298,0.195094225,0
658,43414.48789,44.45336282,7170.946724,0.165174048,0
659,47526.23413,57.21959192,8957.330544,0.188471288,0
660,46082.07216,55.15846717,2921.235379,0.063392014,0
661,32195.59252,62.20165852,4980.013585,0.154679979,0
662,49067.09129,60.54459807,7258.968492,0.147939654,0
663,21293.47713,42.40494033,1368.691922,0.064277521,0
664,52100.91739,23.18144363,4767.277192,0.09150083,0
665,48334.38778,53.36775446,2234.443137,0.046228849,0
666,58507.62355,48.97744804,694.1351678,0.011864012,0
667,27521.04034,35.08659729,2699.851346,0.098101355,0
668,63914.22537,26.34974189,139.3145719,0.002179711,0
669,28598.83265,52.53369854,524.2010921,0.018329458,0
670,23298.46675,48.65145986,1741.183919,0.074733841,0
671,35697.55414,51.38821886,2907.958272,0.081460995,0
672,40376.16358,38.92128904,3901.937984,0.096639642,0
673,56534.96684,27.80794148,2161.083752,0.038225613,0
674,36088.93861,41.71775901,6222.415273,0.172418905,0
675,34158.63397,29.42114243,2911.408067,0.085231982,0
676,29732.05762,38.87671243,3485.018026,0.117214156,0
677,41736.20154,34.59649188,7602.613055,0.18215872,1
678,42236.45609,24.6867331,4749.068675,0.112440037,0
679,28796.85084,44.62864841,706.2289942,0.024524522,0
680,55097.38848,33.92942424,9342.479427,0.169563017,1
681,40916.56415,48.31974071,5219.804028,0.127571905,0
682,20908.3351,28.81852198,3133.624447,0.149874413,1
683,57999.77239,62.77011063,859.5892942,0.014820563,0
684,57746.58159,63.62530548,727.194665,0.012592861,0
685,55116.23451,41.46888524,10284.60679,0.186598502,0
686,57765.52116,43.88730905,5445.22266,0.094264235,0
687,45200.9928,43.90542902,7335.962568,0.162296492,0
688,42435.18949,51.48952681,2766.280914,0.065188372,0
689,46365.57352,41.85261305,5443.276307,0.117399094,0
690,57187.70089,59.47191821,9390.672261,0.1642079,0
691,66539.9276,57.70555929,12129.08223,0.182282769,0
692,25244.7267,53.3790106,1278.999504,0.050664027,0
693,54780.34561,61.38897114,8134.220408,0.148487935,0
694,59253.12146,36.92041154,7327.283577,0.123660719,0
695,48540.34154,21.23915762,1012.934993,0.0208679,0
696,30415.10508,22.98363585,4362.083152,0.143418316,1
697,48768.69924,25.92502563,500.5991056,0.010264762,0
698,52299.21808,18.30974563,7880.685807,0.150684582,1
699,42242.48912,34.22076686,2070.379381,0.049011775,0
700,28218.96527,42.62439388,1305.082433,0.046248416,0
701,40208.13186,61.37191328,459.0346888,0.011416464,0
702,61419.67284,30.65182339,9921.672387,0.161538998,1
703,51282.50524,26.55138677,8445.385343,0.164683556,1
704,36017.90275,43.5236232,1526.392476,0.042378716,0
705,57575.00979,33.80013512,9857.22995,0.171206744,1
706,53330.76714,42.3772463,2343.497556,0.043942694,0
707,39834.51984,63.31227526,699.9557764,0.017571588,0
708,62469.42837,24.26485536,7286.550391,0.116641861,0
709,40334.61673,45.88654158,6808.869955,0.168809586,0
710,47542.8027,40.87333755,9448.209721,0.1987306,0
711,55883.62286,27.37033802,974.5630674,0.017439153,0
712,29163.01588,43.95617132,1469.129704,0.050376467,0
713,47786.14106,29.7081893,7181.478553,0.15028371,1
714,29736.3105,35.29839844,657.0484089,0.022095828,0
715,50831.42753,24.35160252,9572.586884,0.188320245,1
716,62030.046,46.53578454,7572.567589,0.122079026,0
717,54049.01274,54.62035318,4569.647911,0.084546372,0
718,34336.01759,35.83065171,3441.644524,0.100234237,0
719,31895.71531,48.18590728,3423.346172,0.107329343,0
720,51894.5401,59.0037683,6579.534007,0.126786633,0
721,37616.71086,53.44466025,5732.240108,0.152385469,0
722,22076.948,56.99543936,3948.143344,0.178835559,0
723,56252.95371,57.27829057,7327.070282,0.130252188,0
724,26316.75849,37.217654,923.0284413,0.035073789,0
725,23120.87961,40.29672232,1417.846522,0.061323209,0
726,39033.03271,59.67702219,5757.890479,0.147513275,0
727,32420.81815,32.36179216,1494.212974,0.046088071,0
728,68827.24433,25.30253079,1049.175477,0.015243607,0
729,58092.20489,41.81365235,5277.74042,0.090851095,0
730,43538.85612,46.32941211,8523.901116,0.195776873,0
731,64040.48418,59.14480741,5408.727767,0.084457946,0
732,34395.22922,25.54822433,2089.7325,0.060756464,0
733,57405.51493,45.64443499,6914.75154,0.120454482,0
734,22581.13397,40.54886181,34.28510582,0.001518308,0
735,27952.94598,42.09749811,3965.251974,0.141854529,0
736,54022.91284,26.5610123,10641.45144,0.196980335,1
737,63546.16476,44.41273214,6170.239116,0.097098529,0
738,60713.4303,56.03160353,396.2336776,0.006526294,0
739,44519.32947,32.39165985,1446.468103,0.032490788,0
740,40997.79899,55.58120391,7908.331843,0.192896498,0
741,63661.38333,25.59552438,6095.308749,0.095745779,0
742,34429.14674,39.7149896,2240.277404,0.065069211,0
743,29181.86143,48.24064781,2529.612969,0.086684428,0
744,52510.43824,40.27914024,1858.30824,0.035389311,0
745,37536.34724,25.85667757,2634.358585,0.070181538,0
746,35683.74495,44.49787917,4337.825559,0.121563069,0
747,45622.29071,41.63254532,528.1812501,0.011577263,0
748,67385.40318,29.03367936,6747.232379,0.10012899,0
749,69411.79253,47.07372685,12176.78244,0.175428151,0
750,48322.51407,29.26263398,7732.696396,0.160022643,1
751,40836.58881,22.16826291,6994.487801,0.171279923,1
752,38035.95133,60.65521047,4298.705028,0.113016893,0
753,42696.97137,44.52967068,222.1964386,0.005204033,0
754,24181.69479,22.30012538,1529.018868,0.063230426,0
755,33194.40264,51.17971212,6615.387858,0.19929227,0
756,32541.46153,34.40508616,780.8328568,0.023995015,0
757,38381.41306,54.08337144,322.7241556,0.008408345,0
758,25921.91253,58.42607932,5104.746789,0.196927861,0
759,58810.97173,22.10938059,9099.724338,0.154728345,1
760,63025.74408,56.56693154,2956.977746,0.046916983,0
761,29954.00451,61.83684471,5774.07427,0.192764686,0
762,40641.52302,37.66419864,5042.326368,0.124068342,0
763,43940.9107,38.30598195,2855.379187,0.064982249,0
764,65166.97287,25.65628186,8859.087469,0.135944437,1
765,58820.38206,30.75231565,530.6578241,0.009021666,0
766,50719.76308,43.20724465,4770.937668,0.094064668,0
767,46766.59592,47.77517095,2383.407757,0.050963892,0
768,67520.7596,45.41562414,13041.77945,0.193152144,0
769,28386.25355,31.12533241,1718.943782,0.0605555,0
770,68276.03076,34.51488127,4842.07796,0.070919148,0
771,30731.72628,40.38884294,1129.562412,0.03675558,0
772,30012.25109,54.94011866,3972.151405,0.132350999,0
773,38075.31877,53.10735995,6928.943621,0.181979924,0
774,55932.39657,44.39262234,4876.366909,0.087183228,0
775,27966.24445,53.70027324,4445.203178,0.158948878,0
776,53825.53674,49.71390438,5272.804792,0.097961026,0
777,65451.49652,60.27638934,8129.048931,0.124199588,0
778,39473.99586,42.30125384,6034.153228,0.152864008,0
779,42344.80871,47.41810839,6800.246806,0.160592219,0
780,36112.87441,60.5793527,3737.212187,0.103486977,0
781,32720.5048,33.80450352,4367.26495,0.133471808,1
782,27973.82656,49.67421964,403.4021354,0.014420699,0
783,21306.03312,35.09416354,3791.023528,0.177931927,0
784,36029.30158,52.64062442,2928.100439,0.081269975,0
785,48457.96355,22.34492363,8108.172683,0.167323843,1
786,46038.51066,39.03867278,6868.987805,0.149200913,0
787,34247.15902,34.70098954,6458.790585,0.188593471,1
788,64247.615,31.60316207,4513.203694,0.070247023,0
789,62109.76709,41.24090602,2816.430158,0.045346011,0
790,21481.80379,19.95945231,1137.657891,0.052959142,0
791,20762.47447,25.32912274,2385.224837,0.11488153,0
792,33756.52723,40.56759555,1169.835925,0.034655103,0
793,54325.80727,29.63636931,6978.525057,0.128456905,1
794,33197.8078,59.48684823,3993.146866,0.12028345,0
795,56846.47423,30.28092755,5268.227475,0.092674657,0
796,26542.93109,45.82942652,4233.089586,0.159480864,0
797,53200.54815,59.6917193,3090.473119,0.058091001,0
798,38073.4069,32.21450809,2284.005677,0.059989527,0
799,43937.21904,56.40968222,3213.541963,0.073139403,0
800,49284.81941,51.93972912,493.589997,0.010015051,0
801,22869.32345,25.9064452,527.5515684,0.023068088,0
802,60113.34254,40.77430558,8253.384569,0.13729705,0
803,23613.25569,32.4735058,2469.234585,0.104569849,0
804,68755.09442,53.22813215,10990.53375,0.159850464,0
805,26449.32829,46.47915325,2952.123152,0.111614296,0
806,42855.41611,47.12736998,4923.814846,0.114893642,0
807,25686.77894,35.85071487,3728.397031,0.145148484,0
808,67125.64924,36.05850519,7482.067369,0.111463613,0
809,27427.78945,59.70451918,719.9466646,0.026248804,0
810,37145.57306,53.19827894,1510.735507,0.040670674,0
811,41702.60077,41.94405372,6105.727929,0.146411203,0
812,20710.77596,49.55726981,3960.710873,0.191239135,0
813,39124.16436,44.5571086,401.3267334,0.010257771,0
814,32834.64674,60.58021867,4184.578203,0.127443984,0
815,26267.2214,58.79376696,1136.117271,0.043252282,0
816,41254.2282,28.94820475,6993.049441,0.169511096,1
817,38268.6966,30.67684984,2522.057185,0.065903922,0
818,37087.26876,57.5763008,6391.153194,0.172327416,0
819,38458.13304,55.85685407,3644.30607,0.094760348,0
820,40185.77567,31.00076808,1002.340574,0.024942671,0
821,65481.94555,45.03857624,10614.24849,0.162094275,0
822,57426.68048,20.1188451,2461.974406,0.042871613,0
823,47903.31425,46.16901477,4283.226974,0.089414001,0
824,34222.18775,52.24667845,3582.151364,0.10467336,0
825,28481.2656,47.42132836,5302.179943,0.186163776,0
826,43069.65215,41.24003469,4091.561292,0.094998708,0
827,33093.96186,33.40317391,3852.992444,0.116425844,0
828,61363.85606,62.13637386,9636.804731,0.157043663,0
829,68100.73562,47.75294027,8124.59898,0.119302661,0
830,50551.48034,56.7655671,5262.616088,0.104104095,0
831,54421.05401,22.96153355,6229.836019,0.11447474,0
832,32152.45974,57.48695513,3550.584889,0.11042965,0
833,40230.97571,58.79409568,745.1947491,0.01852291,0
834,53483.374,29.18999789,1459.668599,0.027292007,0
835,65137.93776,42.13310957,10352.18177,0.158927073,0
836,29496.59413,54.66582086,2216.975334,0.075160384,0
837,45181.93371,48.0968023,2243.153992,0.049647145,0
838,24994.7782,34.72335974,51.64026024,0.002066042,0
839,54820.97401,20.56039647,10070.94905,0.183706131,1
840,62955.60829,29.54950978,207.5438178,0.003296669,0
841,52956.24608,25.14710192,959.0972148,0.018111125,0
842,40366.20324,32.07200804,7410.792024,0.183589028,1
843,60005.01013,40.19488899,10677.66802,0.177946275,0
844,37598.38508,54.66392931,3641.808411,0.096860767,0
845,61323.0009,60.16601647,8699.946682,0.141870857,0
846,21243.9323,57.86806022,3438.979277,0.161880542,0
847,62111.43441,25.97645859,499.2085782,0.008037306,0
848,56524.87881,54.91097151,5296.940273,0.093709892,0
849,51718.13696,34.35049974,1036.616804,0.020043584,0
850,43205.63175,23.12587725,4835.274657,0.111913065,0
851,26934.19744,35.9790102,4113.299167,0.152716604,0
852,68966.82256,54.39248814,6690.635338,0.097012376,0
853,31527.3472,59.02264656,2062.719158,0.065426347,0
854,46839.06109,28.73335871,1498.200316,0.03198613,0
855,32151.29686,42.91491157,4601.940086,0.143133887,0
856,40831.80192,47.1495458,6429.593688,0.157465343,0
857,30868.80482,58.13656775,4618.392184,0.149613573,0
858,62988.82643,32.47461294,6924.901569,0.109938571,0
859,65496.76748,61.95993475,11805.55577,0.180246388,0
860,63032.62627,24.78843756,390.3358609,0.0061926,0
861,27287.07454,18.69579873,4509.881422,0.165275373,1
862,44299.37174,24.37145815,5154.909843,0.116365304,0
863,44091.34923,30.48523032,1664.104927,0.037742209,0
864,26617.03032,28.61650924,2727.241681,0.102462283,0
865,21856.23353,47.72276785,1500.653745,0.068660217,0
866,28072.60436,54.14254823,1.377629593,4.90738E-05,0
867,35950.48845,35.47184697,2664.925675,0.074127663,0
868,28982.11236,35.26825118,1440.499168,0.049703043,0
869,51790.72645,41.15087779,1281.035729,0.024734848,0
870,65000.81962,21.69969953,1114.914824,0.017152319,0
871,29761.04601,21.85429135,3748.258124,0.125945107,1
872,23081.45074,53.89681841,257.6612015,0.011163129,0
873,60016.74099,22.73860251,1522.646768,0.025370367,0
874,54619.15536,53.59786282,901.2777768,0.01650113,0
875,66274.2081,36.37462344,10257.91839,0.154779947,0
876,49380.65863,45.47104991,5425.280945,0.109866516,0
877,46283.06746,48.28858511,2166.1231,0.046801632,0
878,25554.69852,42.79692147,4229.914353,0.165523939,0
879,36680.18192,22.14626261,4849.333785,0.132205827,1
880,30383.67633,46.8319496,2153.607725,0.07088042,0
881,67730.4437,26.30314698,8881.583636,0.131131337,1
882,36446.72414,40.61685061,2927.675444,0.080327533,0
883,33648.73899,60.97094456,1498.161255,0.044523548,0
884,53852.79954,42.78285555,2089.909464,0.038807815,0
885,61298.21867,48.28503024,9399.504602,0.153340583,0
886,69465.74696,20.58523169,7983.705373,0.114930102,0
887,39102.04171,29.30086538,4200.697505,0.107429109,0
888,29366.58233,22.48404853,4049.253865,0.137886453,1
889,67949.73807,34.47967882,1790.348617,0.026348131,0
890,29468.85918,22.78963669,3703.953047,0.125690412,1
891,56839.4019,36.55239093,9004.801714,0.158425343,0
892,38277.93687,44.90919805,7405.80321,0.193474461,0
893,49664.27072,39.94416069,5571.456364,0.112182386,0
894,49972.01083,32.39698399,763.9541159,0.01528764,0
895,27356.80095,63.48787362,2983.583322,0.10906185,0
896,36840.60366,36.67458349,6557.940331,0.178008493,0
897,51438.81407,46.01234316,6898.783719,0.134116306,0
898,40614.72205,20.93267159,2649.695356,0.065239776,0
899,56738.63732,63.37394217,3210.807048,0.056589428,0
900,68004.68622,41.53109727,2698.047781,0.039674439,0
901,44458.63729,52.08290527,1456.234944,0.032754826,0
902,66801.19751,19.13513823,288.6467693,0.004320982,0
903,48991.85368,18.6213071,7453.264268,0.152132726,1
904,69430.93662,58.94091428,2648.220452,0.038141794,0
905,27989.1111,27.80092017,1770.818279,0.063268114,0
906,67675.80477,37.74039569,4396.076877,0.064957881,0
907,47985.72247,33.55977398,8801.610127,0.183421436,1
908,43388.20947,35.70435679,7007.154253,0.161499042,0
909,63182.45567,25.58638213,3493.224567,0.055287889,0
910,20568.89131,25.85385679,2257.064782,0.109731961,0
911,25833.71723,19.20759964,3716.254685,0.143852882,1
912,23087.3014,37.61963726,423.4183995,0.018339883,0
913,36124.71783,25.05472696,6485.05748,0.179518564,1
914,57330.61941,44.4456513,1058.039202,0.018455046,0
915,47240.25312,55.00972136,4286.345614,0.090735026,0
916,55730.62923,55.15643796,9286.357545,0.166629332,0
917,61660.40132,48.89875823,1684.526564,0.027319423,0
918,49746.88744,29.36146193,7354.129523,0.147830948,1
919,23973.68759,55.28829775,95.46072238,0.003981896,0
920,28085.4796,45.03212598,4431.280471,0.157778344,0
921,33585.47474,60.37738544,3933.883012,0.117130487,0
922,44179.3851,51.30649189,5888.375781,0.133283335,0
923,56025.41973,29.39644446,4341.626699,0.077493872,0
924,49369.70415,51.37341727,109.3796228,0.002215521,0
925,26889.36474,62.62510846,675.7120311,0.025129342,0
926,30873.21764,38.95273955,4076.87675,0.132052214,0
927,30608.94324,46.47670398,2632.551811,0.086005969,0
928,54878.08965,42.88355929,1504.473462,0.027414829,0
929,32423.80685,63.18998659,2961.952368,0.09135116,0
930,46608.36902,20.40499151,1521.868405,0.032652256,0
931,65689.1897,28.10870743,255.072656,0.003883023,0
932,49054.86027,54.06866362,1102.240361,0.022469544,0
933,20310.57756,54.26474774,1279.113098,0.062977682,0
934,66423.39933,18.87435711,1066.214601,0.016051792,0
935,45783.15475,63.88504374,7492.90982,0.163660846,0
936,62887.76267,42.8418414,6849.484223,0.108916011,0
937,51088.21078,52.08587159,9097.112036,0.178066757,0
938,66217.94485,19.08162361,745.0760945,0.011251876,0
939,62799.75061,35.36149204,6752.586071,0.107525683,0
940,45789.48752,36.29805129,4545.157459,0.099262029,0
941,59727.40599,50.24148795,5203.325181,0.087117883,0
942,35513.58955,60.80701767,6983.360741,0.196639113,0
943,29178.97759,63.93073469,1664.386062,0.057040589,0
944,67501.69225,49.63745902,7589.75999,0.11243807,0
945,66255.02953,28.96002495,7475.212282,0.112824828,0
946,63558.86409,36.35685466,9282.927735,0.146052449,0
947,63441.71236,18.67128938,3119.412678,0.049169743,0
948,64983.15424,27.29197161,9109.774342,0.140186706,1
949,56946.64594,55.40901375,11175.84107,0.196251085,0
950,52349.87246,35.52249918,5181.848501,0.098984931,0
951,31473.45878,27.99340911,797.3459721,0.025333916,0
952,59267.3392,34.91269907,5085.311919,0.085802939,0
953,66809.17325,31.05454812,1316.187128,0.019700695,0
954,48083.31155,39.15730598,9193.095264,0.191190976,0
955,20629.3473,28.30686155,3310.410118,0.160470909,1
956,25363.33106,31.39079116,3946.001447,0.155578991,1
957,28873.67417,62.3285863,2224.469765,0.077041451,0
958,41430.85526,33.68956136,5719.278116,0.138043931,1
959,53612.13123,23.28296645,5976.896568,0.111484032,0
960,51555.74026,57.26359177,9217.688669,0.178790735,0
961,46564.3789,50.65129969,599.830324,0.012881742,0
962,61200.42748,19.22777832,406.8518612,0.00664786,0
963,29307.32077,61.16495696,481.8426971,0.016441035,0
964,67687.18308,20.8043048,10506.32803,0.155218869,1
965,52565.06574,55.69652935,372.9742533,0.007095478,0
966,52920.14801,20.99096653,9521.769942,0.179927122,1
967,34981.36783,23.48770889,5502.736031,0.15730477,1
968,65210.8371,27.52843972,12607.95166,0.193341356,1
969,60016.07961,54.31724029,2857.007414,0.047604033,0
970,23066.96468,33.091353,1933.353568,0.083814823,0
971,52603.87864,43.89546653,2043.089553,0.038839143,0
972,20111.36326,53.49539456,1745.371922,0.086785361,0
973,32759.70028,43.88045936,5211.32563,0.159077329,0
974,30578.02016,55.36616174,3010.35024,0.098448174,0
975,21211.58939,32.65119825,931.7810522,0.043927922,0
976,53746.32658,29.35028859,9534.660206,0.177401151,1
977,45214.10922,18.2999804,1779.727735,0.03936222,0
978,58465.0497,20.12688854,11417.06009,0.195280089,1
979,54422.97349,58.57139504,444.6137769,0.008169597,0
980,62842.06439,62.19707882,107.5972315,0.001712185,0
981,53005.13229,45.68722047,2539.336749,0.047907375,0
982,40749.02818,26.85401291,6207.186165,0.15232722,1
983,49804.41083,20.03986423,7235.194717,0.145272168,1
984,37277.24612,26.63314682,6289.256076,0.168715684,1
985,46883.20654,30.39988989,6342.567909,0.135284431,1
986,31763.3692,35.60251728,3489.404122,0.109856234,0
987,61013.18158,24.70761897,1791.542962,0.029363212,0
988,41285.3589,22.91107059,532.1002558,0.012888352,0
989,39133.89186,21.60323147,433.4584179,0.011076292,0
990,62171.80256,24.2437831,1035.462496,0.016654857,0
991,53638.64595,44.02737436,109.4788536,0.002041044,0
992,49264.58489,58.11954711,3051.574267,0.061942555,0
993,63114.49699,48.35108283,11890.75719,0.188399778,0
994,58165.50622,45.72915357,4155.723767,0.071446533,0
995,43029.80326,27.21015742,6894.165381,0.16021838,1
996,21593.62266,51.54892278,458.0937244,0.021214306,0
997,49104.76824,35.53851733,9452.217947,0.192490837,0
998,65776.23241,39.79819134,2805.863745,0.042657715,0
